Código do Produto;Produto;Unidade de Venda;Departamento;Grupo;Subgrupo;Marca;fornecedor;Código de Barras;Código Personalizado;Código de Referência;Status;Tipo do Produto;Valor de Compra;Valor de Custo;Valor de Venda;Percentual Markup;Vender sem Estoque;Obs;Permite Desconto;Percentual Minimo;Percentual Máximo;Data de Cadastro;Última Compra;Valor da última compra;Data Alteração de Preço;Agrupamento;Quantidade Minima Estoque;Quantidade Máxima Estoque;Imposto;NCM;Descrição NCM
5085;MALACARA MALBEC                                                                                                         ;UN        ;PRODUTOS DE VENDA                                           ;VINHOS                                                      ;;;DEL MAIPO COMERCIO E REPRESENTACOES LTDA;;;;ATIVO;PRODUTO NORMAL;33.30;40.68;94.00;;S;;SIM;0.00;20.00;2020-11-13;;;;;;;SIMPLES;22042100;
5086;1808 TINTO COLHEITA                                                                                                     ;UN        ;PRODUTOS DE VENDA                                           ;VINHOS                                                      ;TINTO                                                       ;;;;;;ATIVO;PRODUTO NORMAL;40.52;49.49;114.00;;S;;SIM;0.00;20.00;2020-11-13;;;;;;;SIMPLES;22042100;
5087;ADEGA DA VILA MEIA GARRAFA                                                                                              ;UN        ;PRODUTOS DE VENDA                                           ;VINHOS                                                      ;TINTO                                                       ;;DEL MAIPO COMERCIO E REPRESENTACOES LTDA;;;;ATIVO;PRODUTO NORMAL;20.86;25.48;59.90;;S;;SIM;0.00;20.00;2020-11-13;;;2020-11-13;;;;SIMPLES;22042100;
5088;1808 COLHEITA BRANCO LISBOA                                                                                             ;UN        ;PRODUTOS DE VENDA                                           ;VINHOS                                                      ;BRANCOS                                                     ;;DEL MAIPO COMERCIO E REPRESENTACOES LTDA;;;;ATIVO;PRODUTO NORMAL;40.51;49.49;114.00;;S;;SIM;0.00;20.00;2020-11-13;;;;;;;SIMPLES;22042100;
5089;FAUTINO RIVERO JOVEN                                                                                                    ;UN        ;PRODUTOS DE VENDA                                           ;VINHOS                                                      ;TINTO                                                       ;;;;;;ATIVO;PRODUTO NORMAL;41.22;50.35;119.00;;S;;SIM;0.00;20.00;2020-11-13;;;;;;;SIMPLES;22042100;
5090;CUVEE SIDOINE                                                                                                           ;UN        ;PRODUTOS DE VENDA                                           ;VINHOS                                                      ;ROSE                                                        ;;DEL MAIPO COMERCIO E REPRESENTACOES LTDA;;;;ATIVO;PRODUTO NORMAL;59.90;73.17;168.00;;S;;SIM;0.00;20.00;2020-11-13;;;;;;;SIMPLES;22042100;
5123;MANZ PENEDO DO LEXIM TINTO                                                                                              ;UN        ;PRODUTOS DE VENDA                                           ;VINHOS                                                      ;TINTO                                                       ;;SM COMERCIO DE PROD ALIMENTOS E SERV LTDA;;;;ATIVO;PRODUTO NORMAL;36.68;36.68;97.00;;S;;SIM;0.00;20.00;2020-11-13;;;2020-11-13;;;;SIMPLES;22042100;
5124;FRAÇAO UNICA PINOT NOIR                                                                                                 ;UN        ;PRODUTOS DE VENDA                                           ;VINHOS                                                      ;TINTO                                                       ;;SM COMERCIO DE PROD ALIMENTOS E SERV LTDA;;;;ATIVO;PRODUTO NORMAL;46.02;46.02;99.00;;S;;SIM;0.00;20.00;2020-11-13;;;2020-11-13;;;;SIMPLES;22042100;
5125;CALLIA PINOT GRIGIO                                                                                                     ;UN        ;PRODUTOS DE VENDA                                           ;VINHOS                                                      ;BRANCOS                                                     ;;SM COMERCIO DE PROD ALIMENTOS E SERV LTDA;;;;ATIVO;PRODUTO NORMAL;47.74;47.74;108.00;;S;;SIM;0.00;20.00;2020-11-13;;;;;;;SIMPLES;22042100;
5126;1808 COLHEITA ROSE                                                                                                      ;UN        ;PRODUTOS DE VENDA                                           ;VINHOS                                                      ;ROSE                                                        ;;DEL MAIPO COMERCIO E REPRESENTACOES LTDA;;;;ATIVO;PRODUTO NORMAL;39.06;47.72;114.00;;S;;SIM;0.00;20.00;2020-11-13;;;;;;;SIMPLES;22042100;
5127;FESTIVO ROSE                                                                                                            ;UN        ;PRODUTOS DE VENDA                                           ;VINHOS                                                      ;ROSE                                                        ;;DEL MAIPO COMERCIO E REPRESENTACOES LTDA;;;;ATIVO;PRODUTO NORMAL;39.13;47.81;109.00;;S;;SIM;0.00;20.00;2020-11-13;;;;;;;SIMPLES;22042100;
5128;YLLERA BARRICA                                                                                                          ;UN        ;PRODUTOS DE VENDA                                           ;VINHOS                                                      ;TINTO                                                       ;;DEL MAIPO COMERCIO E REPRESENTACOES LTDA;;;;ATIVO;PRODUTO NORMAL;78.71;96.16;199.00;;S;;SIM;0.00;20.00;2020-11-13;;;;;;;SIMPLES;22042100;
5129;FESTIVO TORRONTES                                                                                                       ;UN        ;PRODUTOS DE VENDA                                           ;VINHOS                                                      ;BRANCOS                                                     ;;DEL MAIPO COMERCIO E REPRESENTACOES LTDA;;;;ATIVO;PRODUTO NORMAL;39.13;47.81;109.00;;S;;SIM;0.00;20.00;2020-11-13;;;;;;;SIMPLES;22042100;
5130;ILAIA SAUVIGNON BLANC RESERVA                                                                                           ;UN        ;PRODUTOS DE VENDA                                           ;VINHOS                                                      ;BRANCOS                                                     ;;DEL MAIPO COMERCIO E REPRESENTACOES LTDA;;;;ATIVO;PRODUTO NORMAL;42.44;51.84;119.00;;S;;SIM;0.00;20.00;2020-11-13;;;2020-12-16;;;;SIMPLES;22042100;
5131;1853 MALBEC RESERVE                                                                                                     ;UN        ;PRODUTOS DE VENDA                                           ;VINHOS                                                      ;TINTO                                                       ;;DEL MAIPO COMERCIO E REPRESENTACOES LTDA;;;;ATIVO;PRODUTO NORMAL;57.50;70.24;165.00;;S;;SIM;0.00;20.00;2020-11-13;;;;;;;SIMPLES;22042100;
5132;FAUSTINO RIVERA JOVEN RIOJA                                                                                             ;UN        ;PRODUTOS DE VENDA                                           ;VINHOS                                                      ;TINTO                                                       ;;DEL MAIPO COMERCIO E REPRESENTACOES LTDA;;;;ATIVO;PRODUTO NORMAL;41.22;50.36;119.00;;S;;SIM;0.00;20.00;2020-11-13;;;;;;;SIMPLES;22042100;
5133;LINDAFLOR MALBEC                                                                                                        ;UN        ;PRODUTOS DE VENDA                                           ;VINHOS                                                      ;TINTO                                                       ;;DEL MAIPO COMERCIO E REPRESENTACOES LTDA;;;;ATIVO;PRODUTO NORMAL;183.68;224.39;515.00;;S;;SIM;0.00;20.00;2020-11-13;;;;;;;SIMPLES;22042100;
5136;LA CAPITANA SAUVIGNON BLANC                                                                                             ;UN        ;PRODUTOS DE VENDA                                           ;VINHOS                                                      ;BRANCOS                                                     ;;MERIT IMPORTACAO E EXPORTACAO LTDA;;;;ATIVO;PRODUTO NORMAL;0.00;50.00;107.00;;S;;SIM;0.00;20.00;2020-11-13;;;2021-03-03;;;;SIMPLES;22042100;
5137;LA CAPITANA CABERNET FRANC                                                                                              ;UN        ;PRODUTOS DE VENDA                                           ;VINHOS                                                      ;TINTO                                                       ;;MERIT IMPORTACAO E EXPORTACAO LTDA;;;;ATIVO;PRODUTO NORMAL;40.00;50.00;107.00;;S;;SIM;0.00;20.00;2020-11-13;;;2021-03-03;;;;SIMPLES;22042100;
5141;DR LOOSEN RIESLING DRY                                                                                                  ;UN        ;PRODUTOS DE VENDA                                           ;VINHOS                                                      ;BRANCOS                                                     ;;VIDEIRA COMERCIO DE VINHOS LTDA;;;;ATIVO;PRODUTO NORMAL;71.25;77.25;184.00;;S;;SIM;0.00;20.00;2020-11-13;;;;;;;SIMPLES;22042100;
5142;BAROLO GIANNI GAGLIARDO SUOI                                                                                            ;UN        ;PRODUTOS DE VENDA                                           ;VINHOS                                                      ;TINTO                                                       ;;;;;;ATIVO;PRODUTO NORMAL;292.50;317.07;649.00;;S;;SIM;0.00;20.00;2020-11-13;;;;;;;SIMPLES;22042100;
5143;CABRIZ COLHEITA SELECIONADA                                                                                             ;UN        ;PRODUTOS DE VENDA                                           ;VINHOS                                                      ;TINTO                                                       ;;VIDEIRA COMERCIO DE VINHOS LTDA;;;;ATIVO;PRODUTO NORMAL;46.50;50.42;125.00;;S;;SIM;0.00;20.00;2020-11-13;;;;;;;SIMPLES;22042100;
5144;URBAN TORRONTES                                                                                                         ;UN        ;PRODUTOS DE VENDA                                           ;VINHOS                                                      ;BRANCOS                                                     ;;VIDEIRA COMERCIO DE VINHOS LTDA;;;;ATIVO;PRODUTO NORMAL;36.00;39.03;94.00;;S;;SIM;0.00;20.00;2020-11-13;;;;;;;SIMPLES;22042100;
5145;BEAUJOLAIS VILLAGES LOUIS LATOUR                                                                                        ;UN        ;PRODUTOS DE VENDA                                           ;VINHOS                                                      ;TINTO                                                       ;;VIDEIRA COMERCIO DE VINHOS LTDA;;;;ATIVO;PRODUTO NORMAL;101.25;109.78;250.00;;S;;SIM;0.00;20.00;2020-11-13;;;;;;;SIMPLES;22042100;
5146;URBAN MALBEC                                                                                                            ;UN        ;PRODUTOS DE VENDA                                           ;VINHOS                                                      ;TINTO                                                       ;;VIDEIRA COMERCIO DE VINHOS LTDA;;;;ATIVO;PRODUTO NORMAL;36.88;39.99;94.00;;S;;SIM;0.00;20.00;2020-11-13;;;;;;;SIMPLES;22042100;
5147;TONS DE DUORUM BRANCO                                                                                                   ;UN        ;PRODUTOS DE VENDA                                           ;VINHOS                                                      ;BRANCOS                                                     ;;PORTO A PORTO COMERCIO, IMPORTACAO E EXPORTACAO LTDA;;;;ATIVO;PRODUTO NORMAL;45.76;50.80;99.00;;S;;SIM;0.00;20.00;2020-11-13;;;;;;;SIMPLES;22042100;
5148;ROCA EXCLUSIVO CHARDONNAY                                                                                               ;UN        ;PRODUTOS DE VENDA                                           ;VINHOS                                                      ;BRANCOS                                                     ;;PORTO A PORTO COMERCIO, IMPORTACAO E EXPORTACAO LTDA;;;;ATIVO;PRODUTO NORMAL;28.00;31.08;92.00;;S;;SIM;0.00;20.00;2020-11-13;;;2020-12-26;;;;SIMPLES;22042100;
5149;DOMAINE BOUSQUET MALBEC                                                                                                 ;UN        ;PRODUTOS DE VENDA                                           ;VINHOS                                                      ;TINTO                                                       ;;VIDEIRA COMERCIO DE VINHOS LTDA;;;;ATIVO;PRODUTO NORMAL;43.50;53.14;116.00;;S;;SIM;0.00;20.00;2020-11-13;;;;;;;SIMPLES;22042100;
5150;EMILIA NIETO SENETINER CHARDONNAY                                                                                       ;UN        ;PRODUTOS DE VENDA                                           ;VINHOS                                                      ;BRANCOS                                                     ;;PORTO A PORTO COMERCIO, IMPORTACAO E EXPORTACAO LTDA;;;;ATIVO;PRODUTO NORMAL;39.84;44.22;110.00;;S;;SIM;0.00;20.00;2020-11-13;;;;;;;SIMPLES;22042100;
5151;JACOBS CREEK CHARDONNAY                                                                                                 ;UN        ;PRODUTOS DE VENDA                                           ;VINHOS                                                      ;BRANCOS                                                     ;;PORTO A PORTO COMERCIO, IMPORTACAO E EXPORTACAO LTDA;;;;ATIVO;PRODUTO NORMAL;52.16;57.90;135.00;;S;;SIM;0.00;20.00;2020-11-13;;;;;;;SIMPLES;22042100;
5152;LAURA HARTWIG LALUCA MERLOT                                                                                             ;UN        ;PRODUTOS DE VENDA                                           ;VINHOS                                                      ;TINTO                                                       ;;;;;;ATIVO;PRODUTO NORMAL;42.00;49.73;112.00;;S;;SIM;0.00;20.00;2020-11-13;;;;;;;SIMPLES;22042100;
5153;JACOBS CREEK SHIRAZ/CABERNET SAUVIGNON                                                                                  ;UN        ;PRODUTOS DE VENDA                                           ;VINHOS                                                      ;TINTO                                                       ;;;;;;ATIVO;PRODUTO NORMAL;52.16;57.90;135.00;;S;;SIM;0.00;20.00;2020-11-13;;;;;;;SIMPLES;22042100;
5154;VINHO VERDE CRUZEIRO DOS ARCOS                                                                                          ;UN        ;PRODUTOS DE VENDA                                           ;VINHOS                                                      ;BRANCOS                                                     ;;VIDEIRA COMERCIO DE VINHOS LTDA;;;;ATIVO;PRODUTO NORMAL;36.00;39.03;105.00;;S;;SIM;0.00;20.00;2020-11-13;;;;;;;SIMPLES;22042100;
5155;JPR LOUREIRO                                                                                                            ;UN        ;PRODUTOS DE VENDA                                           ;VINHOS                                                      ;BRANCOS                                                     ;;PORTO A PORTO COMERCIO, IMPORTACAO E EXPORTACAO LTDA;;;;ATIVO;PRODUTO NORMAL;40.24;44.67;99.00;;S;;SIM;0.00;20.00;2020-11-13;;;;;;;SIMPLES;22042100;
5156;BORSAO CLASSICO GARNACHA                                                                                                ;UN        ;PRODUTOS DE VENDA                                           ;VINHOS                                                      ;TINTO                                                       ;;VIDEIRA COMERCIO DE VINHOS LTDA;;;;ATIVO;PRODUTO NORMAL;50.25;54.48;119.00;;S;;SIM;0.00;20.00;2020-11-13;;;;;;;SIMPLES;22042100;
5157;REGIA COLHEITA BCO                                                                                                      ;UN        ;PRODUTOS DE VENDA                                           ;VINHOS                                                      ;TINTO                                                       ;;;;;;ATIVO;PRODUTO NORMAL;55.84;67.57;149.00;;S;;SIM;0.00;20.00;2020-11-13;;;;;;;SIMPLES;22042100;
5158;A. MARE PRIMITIVO                                                                                                       ;UN        ;PRODUTOS DE VENDA                                           ;VINHOS                                                      ;TINTO                                                       ;;VIDEIRA COMERCIO DE VINHOS LTDA;;;;ATIVO;PRODUTO NORMAL;51.75;56.11;135.00;;S;;SIM;0.00;20.00;2020-11-13;;;2020-12-03;;;;SIMPLES;22042100;
5159;TRIA NERO D'AVOLA                                                                                                       ;UN        ;PRODUTOS DE VENDA                                           ;VINHOS                                                      ;TINTO                                                       ;;VIDEIRA COMERCIO DE VINHOS LTDA;;;;ATIVO;PRODUTO NORMAL;43.50;47.16;117.00;;S;;SIM;0.00;20.00;2020-11-13;;;;;;;SIMPLES;22042100;
5160;MARQUES DE TOMARES CRIANZA                                                                                              ;UN        ;PRODUTOS DE VENDA                                           ;VINHOS                                                      ;TINTO                                                       ;;PORTO A PORTO COMERCIO, IMPORTACAO E EXPORTACAO LTDA;;;;ATIVO;PRODUTO NORMAL;81.76;102.21;170.00;;S;;SIM;0.00;20.00;2020-11-13;;;;;;;SIMPLES;22042100;
5161;JAS DE VIGNES                                                                                                           ;UN        ;PRODUTOS DE VENDA                                           ;VINHOS                                                      ;ROSE                                                        ;;PORTO A PORTO COMERCIO, IMPORTACAO E EXPORTACAO LTDA;;;;ATIVO;PRODUTO NORMAL;74.56;82.77;192.00;;S;;SIM;0.00;20.00;2020-11-13;;;;;;;SIMPLES;22042100;
5167;ROCA BONARDA                                                                                                            ;UN        ;PRODUTOS DE VENDA                                           ;VINHOS                                                      ;TINTO                                                       ;;PORTO A PORTO COMERCIO, IMPORTACAO E EXPORTACAO LTDA;;;;ATIVO;PRODUTO NORMAL;28.00;31.08;92.00;;S;;SIM;0.00;20.00;2020-11-13;;;;;;;SIMPLES;22042100;
5169;VERONI ROSE                                                                                                             ;UN        ;PRODUTOS DE VENDA                                           ;VINHOS                                                      ;ROSE                                                        ;;BLOOM WINE IMPORTACAO E COMERCIO DE VINHOS LTDA, SETE COMERCIO DE BEBIDAS E DIVULGACAO DE ANUNCIOS LTDA;;;;ATIVO;PRODUTO NORMAL;49.90;49.90;99.00;;S;;SIM;0.00;20.00;2020-11-13;;;;;;;SIMPLES;22042100;
5170;TONS DE DUORUM TINTO                                                                                                    ;UN        ;PRODUTOS DE VENDA                                           ;VINHOS                                                      ;TINTO                                                       ;;PORTO A PORTO COMERCIO, IMPORTACAO E EXPORTACAO LTDA;;;;ATIVO;PRODUTO NORMAL;44.00;48.84;149.00;;S;;SIM;0.00;20.00;2020-11-13;;;2021-02-14;;;;SIMPLES;22042100;
5171;ILAIA CABERNET SAUVIGNON RESERVA                                                                                        ;UN        ;PRODUTOS DE VENDA                                           ;VINHOS                                                      ;TINTO                                                       ;;DEL MAIPO COMERCIO E REPRESENTACOES LTDA;;;;ATIVO;PRODUTO NORMAL;42.44;51.84;119.00;;S;;SIM;0.00;20.00;2020-11-13;;;2020-12-12;;;;SIMPLES;22042100;
5172;FESTIVO MALBEC                                                                                                          ;UN        ;PRODUTOS DE VENDA                                           ;VINHOS                                                      ;TINTO                                                       ;;GAB COMERCIO ATACADISTA DE ALIMENTOS LTDA ME, DEL MAIPO COMERCIO E REPRESENTACOES LTDA;;;;ATIVO;PRODUTO NORMAL;24.21;24.21;109.00;;S;;SIM;0.00;20.00;2020-11-13;;;;;;;SIMPLES;22042100;
5181;FAUSTO VERVE GRAN RESERVA                                                                                               ;UN        ;PRODUTOS DE VENDA                                           ;VINHOS                                                      ;;;;;;;ATIVO;PRODUTO NORMAL;73.20;81.25;165.00;;S;;SIM;0.00;20.00;2020-11-13;;;;;;;SIMPLES;22042100;
5182;PIZZATO CONCENTUS                                                                                                       ;UN        ;PRODUTOS DE VENDA                                           ;VINHOS                                                      ;TINTO                                                       ;;;;;;ATIVO;PRODUTO NORMAL;73.19;81.25;165.00;;S;;SIM;0.00;20.00;2020-11-13;;;;;;;SIMPLES;22042100;
5183;PIZZATO SAUVIGNON BLANC                                                                                                 ;UN        ;PRODUTOS DE VENDA                                           ;VINHOS                                                      ;BRANCOS                                                     ;;;;;;ATIVO;PRODUTO NORMAL;42.58;47.26;125.00;;S;;SIM;0.00;20.00;2020-11-13;;;2020-11-13;;;;SIMPLES;22042100;
5210;MALACARA BONARDA                                                                                                        ;UN        ;PRODUTOS DE VENDA                                           ;VINHOS                                                      ;;;DEL MAIPO COMERCIO E REPRESENTACOES LTDA;;;;ATIVO;PRODUTO NORMAL;33.30;40.68;94.00;;S;;NAO;0.00;0.00;2020-12-03;;;;;;;SIMPLES;22042100;
5216;PIZZATO MERLOT                                                                                                          ;UN        ;PRODUTOS DE VENDA                                           ;VINHOS                                                      ;;;;;;;ATIVO;PRODUTO NORMAL;0.00;61.97;146.00;;S;;SIM;0.00;0.00;2020-12-03;;;;;;;SIMPLES;22042100;
5232;FAUTINO RIVERO CRIANZA                                                                                                  ;UN        ;PRODUTOS DE VENDA                                           ;VINHOS                                                      ;TINTO                                                       ;;;;;;ATIVO;PRODUTO NORMAL;41.22;50.35;144.00;;S;;SIM;0.00;20.00;2020-12-03;;;2020-12-03;;;;SIMPLES;22042100;
5233;LUCCARELLI PRIMITIVO PUGLIA                                                                                             ;UN        ;PRODUTOS DE VENDA                                           ;VINHOS                                                      ;TINTO                                                       ;;;;;;ATIVO;PRODUTO NORMAL;;;179.00;;S;;SIM;0.00;20.00;2020-12-03;;;2020-12-03;;;;SIMPLES;22042100;
5234;PORTA  6 RESERVA                                                                                                        ;UN        ;PRODUTOS DE VENDA                                           ;VINHOS                                                      ;TINTO                                                       ;;SM COMERCIO DE PROD ALIMENTOS E SERV LTDA;;;;ATIVO;PRODUTO NORMAL;68.36;68.36;125.00;;N;;SIM;0.00;20.00;2020-12-03;;;2020-12-03;;;;SIMPLES;22042100;
5235;BATASIOLO BAROLO                                                                                                        ;UN        ;PRODUTOS DE VENDA                                           ;VINHOS                                                      ;TINTO                                                       ;;SM COMERCIO DE PROD ALIMENTOS E SERV LTDA;;;;ATIVO;PRODUTO NORMAL;156.79;156.79;394.00;;N;;NAO;0.00;0.00;2020-12-03;;;;;;;SIMPLES;22042100;
5236;NOSSA CALCARIO BRANCO                                                                                                   ;UN        ;PRODUTOS DE VENDA                                           ;VINHOS                                                      ;BRANCOS                                                     ;;PORTO A PORTO COMERCIO, IMPORTACAO E EXPORTACAO LTDA;;;;ATIVO;PRODUTO NORMAL;191.36;212.42;299.00;;S;;SIM;0.00;0.00;2020-12-03;;;;;;;SIMPLES;22042100;
5237;NOSSA CALCARIO TINTO                                                                                                    ;UN        ;PRODUTOS DE VENDA                                           ;VINHOS                                                      ;TINTO                                                       ;;PORTO A PORTO COMERCIO, IMPORTACAO E EXPORTACAO LTDA;;;;ATIVO;PRODUTO NORMAL;238.96;265.25;299.00;;N;;NAO;0.00;0.00;2020-12-03;;;;;;;SIMPLES;22042100;
5240;FANTINI MONTEPULCIANO                                                                                                   ;UN        ;PRODUTOS DE VENDA                                           ;VINHOS                                                      ;TINTO                                                       ;;SM COMERCIO DE PROD ALIMENTOS E SERV LTDA;;;;ATIVO;PRODUTO NORMAL;68.27;68.27;135.00;;N;;NAO;0.00;0.00;2020-12-03;;;;;;;SIMPLES;22042100;
5241;TORREVENTO PRIMITIVO PRIMO                                                                                              ;UN        ;PRODUTOS DE VENDA                                           ;VINHOS                                                      ;TINTO                                                       ;;SM COMERCIO DE PROD ALIMENTOS E SERV LTDA;;;;ATIVO;PRODUTO NORMAL;53.91;53.91;99.00;;N;;NAO;0.00;0.00;2020-12-03;;;2020-12-03;;;;SIMPLES;22042100;
5242;VERONI ROSE TESTE                                                                                                       ;UN        ;PRODUTOS DE VENDA                                           ;VINHOS                                                      ;BRANCOS                                                     ;;;;;;ATIVO;PRODUTO NORMAL;36.00;39.20;99.00;;S;;SIM;0.00;20.00;2020-12-03;;;2020-12-03;;;;SIMPLES;22042100;
5248;PORTO ALEGRE RUBY                                                                                                       ;UN        ;PRODUTOS DE VENDA                                           ;VINHOS                                                      ;TINTO                                                       ;;;;;;ATIVO;PRODUTO NORMAL;;;165.00;;S;;SIM;0.00;20.00;2020-12-04;;;2020-12-04;;;;SIMPLES;22042100;
5249;TERRE NATUZZI CHIANTI RESERVA                                                                                           ;UN        ;PRODUTOS DE VENDA                                           ;VINHOS                                                      ;TINTO                                                       ;;PORTO A PORTO COMERCIO, IMPORTACAO E EXPORTACAO LTDA;;;;ATIVO;PRODUTO NORMAL;72.64;80.63;160.00;;N;;NAO;0.00;0.00;2020-12-04;;;2020-12-04;;;;SIMPLES;22042100;
5252;PIRCA GRAN RESERVA CABERNET                                                                                             ;UN        ;PRODUTOS DE VENDA                                           ;VINHOS                                                      ;TINTO                                                       ;;;;;;ATIVO;PRODUTO NORMAL;;73.44;145.00;;N;;NAO;0.00;0.00;2020-12-04;;;2021-01-18;;;;SIMPLES;22042100;
5253;LAURA HARTWIG SV CARMENERE                                                                                              ;UN        ;PRODUTOS DE VENDA                                           ;VINHOS                                                      ;TINTO                                                       ;;VIDEIRA COMERCIO DE VINHOS LTDA;;;;ATIVO;PRODUTO NORMAL;55.00;67.19;147.00;;N;;NAO;0.00;0.00;2020-12-04;;;2020-12-04;;;;SIMPLES;22042100;
5256;TERRE NATUZZI ROSSO TOSCANA                                                                                             ;UN        ;PRODUTOS DE VENDA                                           ;VINHOS                                                      ;BRANCOS                                                     ;;PORTO A PORTO COMERCIO, IMPORTACAO E EXPORTACAO LTDA;;;;ATIVO;PRODUTO NORMAL;51.36;57.01;125.00;;S;;SIM;0.00;20.00;2020-12-04;;;2020-12-04;;;;SIMPLES;22042100;
5257;REGIA COLHEITA                                                                                                          ;UN        ;PRODUTOS DE VENDA                                           ;VINHOS                                                      ;TINTO                                                       ;;DEL MAIPO COMERCIO E REPRESENTACOES LTDA, PORTO A PORTO COMERCIO, IMPORTACAO E EXPORTACAO LTDA;;;;ATIVO;PRODUTO NORMAL;61.44;68.20;150.00;;S;;SIM;0.00;20.00;2020-12-04;;;2020-12-04;;;;SIMPLES;22042100;
5258;QUINTA DO PENEDO                                                                                                        ;UN        ;PRODUTOS DE VENDA                                           ;VINHOS                                                      ;TINTO                                                       ;;PORTO A PORTO COMERCIO, IMPORTACAO E EXPORTACAO LTDA;;;;ATIVO;PRODUTO NORMAL;66.16;73.44;165.00;;S;;SIM;0.00;20.00;2020-12-04;;;2020-12-04;;;;SIMPLES;22042100;
5260;NUESTRO 8 MESES                                                                                                         ;UN        ;PRODUTOS DE VENDA                                           ;VINHOS                                                      ;TINTO                                                       ;;;;;;ATIVO;PRODUTO NORMAL;;;125.00;;S;;SIM;0.00;20.00;2020-12-04;;;2020-12-04;;;;SIMPLES;22042100;
5261;TENUTA CHIANTI CLASSICO                                                                                                 ;UN        ;PRODUTOS DE VENDA                                           ;VINHOS                                                      ;BRANCOS                                                     ;;;;;;ATIVO;PRODUTO NORMAL;;80.00;170.00;;S;;SIM;0.00;20.00;2020-12-04;;;2020-12-04;;;;SIMPLES;22042100;
5262;DINAMICA FILIPA PATO                                                                                                    ;UN        ;PRODUTOS DE VENDA                                           ;VINHOS                                                      ;TINTO                                                       ;;PORTO A PORTO COMERCIO, IMPORTACAO E EXPORTACAO LTDA;;;;ATIVO;PRODUTO NORMAL;91.20;101.23;202.00;;S;;SIM;0.00;0.00;2020-12-05;;;2020-12-09;;;;SIMPLES;22042100;
5263;QUINTA DO PENEDO                                                                                                        ;UN        ;PRODUTOS DE VENDA                                           ;VINHOS                                                      ;TINTO                                                       ;;;;;;ATIVO;PRODUTO NORMAL;0.00;64.24;165.00;;N;;NAO;0.00;0.00;2020-12-05;;;;;;;SIMPLES;22042100;
5264;TENUTA DEGLI DEI CHIANTI CLASSICO RISERVA                                                                               ;UN        ;PRODUTOS DE VENDA                                           ;VINHOS                                                      ;TINTO                                                       ;;;;;;ATIVO;PRODUTO NORMAL;0.00;80.00;170.00;;N;;NAO;0.00;0.00;2020-12-05;;;;;;;SIMPLES;22042100;
5265;CHATEAU DE BERGUN                                                                                                       ;UN        ;PRODUTOS DE VENDA                                           ;VINHOS                                                      ;TINTO                                                       ;;DEL MAIPO COMERCIO E REPRESENTACOES LTDA;;;;ATIVO;PRODUTO NORMAL;53.91;65.86;165.00;;N;;NAO;0.00;0.00;2020-12-05;;;;;;;SIMPLES;22042100;
5266;ALBERT BICHOT CHASSAGNE MONTRACHET                                                                                      ;UN        ;PRODUTOS DE VENDA                                           ;VINHOS                                                      ;TINTO                                                       ;;;;;;ATIVO;PRODUTO NORMAL;0.00;221.90;550.00;;N;;SIM;0.00;0.00;2020-12-05;;;;;;;SIMPLES;22042100;
5267;VISTA ALEGRE PORTO RUBY                                                                                                 ;UN        ;PRODUTOS DE VENDA                                           ;VINHOS                                                      ;SOBREMESA                                                   ;;;;;;ATIVO;PRODUTO NORMAL;0.00;33.11;165.00;;N;;NAO;0.00;0.00;2020-12-05;;;;;;;SIMPLES;22042100;
5269;INNOMINABILE                                                                                                            ;UN        ;PRODUTOS DE VENDA                                           ;VINHOS                                                      ;TINTO                                                       ;;;;;;ATIVO;PRODUTO NORMAL;0.00;66.55;155.00;;N;;SIM;0.00;0.00;2020-12-05;;;;;;;SIMPLES;22042100;
5270;CHAVOT LABAUME COTEAUX BOURGUIGNON                                                                                      ;UN        ;PRODUTOS DE VENDA                                           ;VINHOS                                                      ;TINTO                                                       ;;PORTO A PORTO COMERCIO, IMPORTACAO E EXPORTACAO LTDA;;;;ATIVO;PRODUTO NORMAL;78.96;87.65;170.00;;N;;NAO;0.00;0.00;2020-12-05;;;;;;;SIMPLES;22042100;
5271;CHATEAU HAURA                                                                                                           ;UN        ;PRODUTOS DE VENDA                                           ;VINHOS                                                      ;TINTO                                                       ;;;;;;ATIVO;PRODUTO NORMAL;0.00;96.67;215.00;;N;;NAO;0.00;0.00;2020-12-05;;;;;;;SIMPLES;22042100;
5272;REGIA COLHEITA BRANCO                                                                                                   ;UN        ;PRODUTOS DE VENDA                                           ;VINHOS                                                      ;BRANCOS                                                     ;;PORTO A PORTO COMERCIO, IMPORTACAO E EXPORTACAO LTDA;;;;ATIVO;PRODUTO NORMAL;61.44;68.20;149.00;;N;;NAO;0.00;0.00;2020-12-05;;;;;;;SIMPLES;22042100;
5273;NATURE RABBIT                                                                                                           ;UN        ;PRODUTOS DE VENDA                                           ;VINHOS                                                      ;TINTO                                                       ;;SM COMERCIO DE PROD ALIMENTOS E SERV LTDA;;;;ATIVO;PRODUTO NORMAL;60.74;60.74;140.00;;S;;SIM;0.00;0.00;2020-12-05;;;;;;;SIMPLES;22042100;
5274;VIZAR BARRICA                                                                                                           ;UN        ;PRODUTOS DE VENDA                                           ;VINHOS                                                      ;TINTO                                                       ;;;;;;ATIVO;PRODUTO NORMAL;0.00;84.83;145.00;;S;;SIM;0.00;0.00;2020-12-05;;;;;;;SIMPLES;22042100;
5275;QUINTA DO CACHAO                                                                                                        ;UN        ;PRODUTOS DE VENDA                                           ;VINHOS                                                      ;TINTO                                                       ;;PORTO A PORTO COMERCIO, IMPORTACAO E EXPORTACAO LTDA;;;;ATIVO;PRODUTO NORMAL;41.20;45.73;115.00;;N;;SIM;0.00;0.00;2020-12-05;;;;;;;SIMPLES;22042100;
5276;LAURA HARTWIG SV CABVERNET SAUVIGNON                                                                                    ;UN        ;PRODUTOS DE VENDA                                           ;VINHOS                                                      ;TINTO                                                       ;;VIDEIRA COMERCIO DE VINHOS LTDA;;;;ATIVO;PRODUTO NORMAL;55.00;67.19;147.00;;S;;NAO;0.00;0.00;2020-12-05;;;;;;;SIMPLES;22042100;
5277;LAURA HARTWIG SV CARMENERE                                                                                              ;UN        ;PRODUTOS DE VENDA                                           ;VINHOS                                                      ;TINTO                                                       ;;;;;;ATIVO;PRODUTO NORMAL;0.00;62.42;147.00;;N;;NAO;0.00;0.00;2020-12-05;;;;;;;SIMPLES;22042100;
5278;MARQUES DE TOMARES RIBEIRA DEL DUERO                                                                                    ;UN        ;PRODUTOS DE VENDA                                           ;VINHOS                                                      ;TINTO                                                       ;;;;;;ATIVO;PRODUTO NORMAL;0.00;62.45;140.00;;S;;SIM;0.00;0.00;2020-12-05;;;;;;;SIMPLES;22042100;
5279;NIETO SENETINER MALBEC DOC                                                                                              ;UN        ;PRODUTOS DE VENDA                                           ;VINHOS                                                      ;TINTO                                                       ;;PORTO A PORTO COMERCIO, IMPORTACAO E EXPORTACAO LTDA;;;;ATIVO;PRODUTO NORMAL;59.20;65.71;158.00;;S;;SIM;0.00;0.00;2020-12-05;;;;;;;SIMPLES;22042100;
5280;PIRCA GRAN RESERVA CABERNET SAUVIGNON                                                                                   ;UN        ;PRODUTOS DE VENDA                                           ;VINHOS                                                      ;TINTO                                                       ;;DEL MAIPO COMERCIO E REPRESENTACOES LTDA;;;;ATIVO;PRODUTO NORMAL;60.12;73.44;145.00;;N;;NAO;0.00;0.00;2020-12-05;;;;;;;SIMPLES;22042100;
5281;PUERTO CARMELO TANNAT                                                                                                   ;UN        ;PRODUTOS DE VENDA                                           ;VINHOS                                                      ;TINTO                                                       ;;VIDEIRA COMERCIO DE VINHOS LTDA;;;;ATIVO;PRODUTO NORMAL;56.25;60.99;144.00;;N;;NAO;0.00;0.00;2020-12-05;;;;;;;SIMPLES;22042100;
5282;FAUSTINO RIVERA CRIANZA                                                                                                 ;UN        ;PRODUTOS DE VENDA                                           ;VINHOS                                                      ;TINTO                                                       ;;DEL MAIPO COMERCIO E REPRESENTACOES LTDA;;;;ATIVO;PRODUTO NORMAL;59.55;72.74;144.00;;N;;NAO;0.00;0.00;2020-12-05;;;;;;;SIMPLES;22042100;
5283;LA CAPITANA LIMITED BLEND                                                                                               ;UN        ;PRODUTOS DE VENDA                                           ;VINHOS                                                      ;TINTO                                                       ;;MERIT IMPORTACAO E EXPORTACAO LTDA;;;;ATIVO;PRODUTO NORMAL;0.00;50.00;107.00;;S;;SIM;0.00;0.00;2020-12-05;;;2021-03-03;;;;SIMPLES;22042100;
5284;PIZZATO LEGNO                                                                                                           ;UN        ;PRODUTOS DE VENDA                                           ;VINHOS                                                      ;BRANCOS                                                     ;;TRAS-OS-MONTES IMPORTACAO E EXPORTACAO DE PRODUTOS ALIMENTIC;;;;ATIVO;PRODUTO NORMAL;77.60;86.14;189.00;;S;;SIM;0.00;0.00;2020-12-05;;;;;;;SIMPLES;22042100;
5287;GOICHOT FRERE CHABLIS                                                                                                   ;UN        ;PRODUTOS DE VENDA                                           ;VINHOS                                                      ;BRANCOS                                                     ;;;;;;ATIVO;PRODUTO NORMAL;0.00;155.77;250.00;;N;;NAO;0.00;0.00;2020-12-05;;;;;;;SIMPLES;22042100;
5288;ESPORÃO RESERVA BRANCO                                                                                                  ;UN        ;PRODUTOS DE VENDA                                           ;VINHOS                                                      ;BRANCOS                                                     ;;;;;;ATIVO;PRODUTO NORMAL;0.00;71.00;199.00;;S;;NAO;0.00;0.00;2020-12-05;;;;;;;SIMPLES;22042100;
5289;TOSCANINI CHARDONNAY                                                                                                    ;UN        ;PRODUTOS DE VENDA                                           ;VINHOS                                                      ;BRANCOS                                                     ;;DEL MAIPO COMERCIO E REPRESENTACOES LTDA;;;;ATIVO;PRODUTO NORMAL;53.11;64.88;129.00;;S;;SIM;0.00;0.00;2020-12-05;;;;;;;SIMPLES;22042100;
5290;PUERTO CARMELO SAUVIGNON BLANC                                                                                          ;UN        ;PRODUTOS DE VENDA                                           ;VINHOS                                                      ;BRANCOS                                                     ;;VIDEIRA COMERCIO DE VINHOS LTDA;;;;ATIVO;PRODUTO NORMAL;56.25;60.99;144.00;;N;;NAO;0.00;0.00;2020-12-05;;;;;;;SIMPLES;22042100;
5292;REQUIEM                                                                                                                 ;UN        ;PRODUTOS DE VENDA                                           ;VINHOS                                                      ;TINTO                                                       ;;DEL MAIPO COMERCIO E REPRESENTACOES LTDA;;;;ATIVO;PRODUTO NORMAL;209.09;255.43;370.00;;S;;SIM;0.00;0.00;2020-12-05;;;;;;;SIMPLES;22042100;
5293;SOLAR VIEJO CRIANZA                                                                                                     ;UN        ;PRODUTOS DE VENDA                                           ;VINHOS                                                      ;TINTO                                                       ;;VIDEIRA COMERCIO DE VINHOS LTDA;;;;ATIVO;PRODUTO NORMAL;78.00;84.57;206.00;;N;;NAO;0.00;0.00;2020-12-05;;;;;;;SIMPLES;22042100;
5294;PORTA 6 RESERVA                                                                                                         ;UN        ;PRODUTOS DE VENDA                                           ;VINHOS                                                      ;TINTO                                                       ;;;;;;ATIVO;PRODUTO NORMAL;0.00;60.63;125.00;;N;;NAO;0.00;0.00;2020-12-05;;;;;;;SIMPLES;22042100;
5295;NUESTRO 8 MESES                                                                                                         ;UN        ;PRODUTOS DE VENDA                                           ;VINHOS                                                      ;TINTO                                                       ;;;;;;ATIVO;PRODUTO NORMAL;0.00;58.22;125.00;;N;;NAO;0.00;0.00;2020-12-05;;;;;;;SIMPLES;22042100;
5296;TOSCANINI CABERNET SAUVIGNON                                                                                            ;UN        ;PRODUTOS DE VENDA                                           ;VINHOS                                                      ;TINTO                                                       ;;;;;;ATIVO;PRODUTO NORMAL;0.00;48.28;129.00;;N;;NAO;0.00;0.00;2020-12-05;;;;;;;SIMPLES;22042100;
5297;TENUTA CEPPAIANO LA VIOLETA                                                                                             ;UN        ;PRODUTOS DE VENDA                                           ;VINHOS                                                      ;TINTO                                                       ;;;;;;ATIVO;PRODUTO NORMAL;0.00;103.10;210.00;;S;;NAO;0.00;0.00;2020-12-05;;;;;;;SIMPLES;22042100;
5298;TENUTA CEPPAIANO ALLE VIOLE                                                                                             ;UN        ;PRODUTOS DE VENDA                                           ;VINHOS                                                      ;TINTO                                                       ;;;;;;ATIVO;PRODUTO NORMAL;0.00;69.19;150.00;;N;;SIM;0.00;0.00;2020-12-05;;;;;;;SIMPLES;22042100;
5299;TOSCANINI TANNAT RESERVA                                                                                                ;UN        ;PRODUTOS DE VENDA                                           ;VINHOS                                                      ;TINTO                                                       ;;DEL MAIPO COMERCIO E REPRESENTACOES LTDA;;;;ATIVO;PRODUTO NORMAL;53.11;64.88;149.00;;N;;NAO;0.00;0.00;2020-12-05;;;;;;;SIMPLES;22042100;
5300;ELEGIDO MERLOT TANNAT                                                                                                   ;UN        ;PRODUTOS DE VENDA                                           ;VINHOS                                                      ;TINTO                                                       ;;PORTO A PORTO COMERCIO, IMPORTACAO E EXPORTACAO LTDA, S.A. ATACADISTA DE ALIMENTOS LTDA;;;;ATIVO;PRODUTO NORMAL;31.04;34.46;112.00;;N;;SIM;0.00;0.00;2020-12-05;;;;;;;SIMPLES;22042100;
5302;PATRIARCHE HERITAGE                                                                                                     ;UN        ;PRODUTOS DE VENDA                                           ;VINHOS                                                      ;TINTO                                                       ;;PORTO A PORTO COMERCIO, IMPORTACAO E EXPORTACAO LTDA;;;;ATIVO;PRODUTO NORMAL;43.84;48.66;109.00;;S;;NAO;0.00;0.00;2020-12-05;;;;;;;SIMPLES;22042100;
5303;LA CAPITANA ROSE                                                                                                        ;UN        ;PRODUTOS DE VENDA                                           ;VINHOS                                                      ;ROSE                                                        ;;MERIT IMPORTACAO E EXPORTACAO LTDA;;;;ATIVO;PRODUTO NORMAL;0.00;50.00;107.00;;S;;SIM;0.00;0.00;2020-12-06;;;2021-03-03;;;;SIMPLES;22042100;
5305;1808 RESERVA TINTO                                                                                                      ;UN        ;PRODUTOS DE VENDA                                           ;VINHOS                                                      ;TINTO                                                       ;;DEL MAIPO COMERCIO E REPRESENTACOES LTDA;;;;ATIVO;PRODUTO NORMAL;89.56;109.41;175.00;;N;;NAO;0.00;0.00;2020-12-08;;;;;;;SIMPLES;22042100;
5306;FELINO MALBEC                                                                                                           ;UN        ;PRODUTOS DE VENDA                                           ;VINHOS                                                      ;TINTO                                                       ;;TRAS-OS-MONTES IMPORTACAO E EXPORTACAO DE PRODUTOS ALIMENTIC;;;;ATIVO;PRODUTO NORMAL;79.47;88.21;175.00;;N;;NAO;0.00;0.00;2020-12-11;;;2020-12-11;;;;SIMPLES;22042100;
5307;FELINO CHARDONNAY                                                                                                       ;UN        ;PRODUTOS DE VENDA                                           ;VINHOS                                                      ;BRANCOS                                                     ;;TRAS-OS-MONTES IMPORTACAO E EXPORTACAO DE PRODUTOS ALIMENTIC;;;;ATIVO;PRODUTO NORMAL;79.49;88.24;175.00;;N;;SIM;0.00;0.00;2020-12-11;;;2020-12-16;;;;SIMPLES;22042100;
5308;SAINT CLAIR PINOT NOIR                                                                                                  ;UN        ;PRODUTOS DE VENDA                                           ;VINHOS                                                      ;TINTO                                                       ;;TRAS-OS-MONTES IMPORTACAO E EXPORTACAO DE PRODUTOS ALIMENTIC;;;;ATIVO;PRODUTO NORMAL;91.59;101.67;189.00;;N;;SIM;0.00;0.00;2020-12-11;;;;;;;SIMPLES;22042100;
5309;SAINT CLAIR RIESELING MARLBOROUGH SUN                                                                                   ;UN        ;PRODUTOS DE VENDA                                           ;VINHOS                                                      ;BRANCOS                                                     ;;TRAS-OS-MONTES IMPORTACAO E EXPORTACAO DE PRODUTOS ALIMENTIC;;;;ATIVO;PRODUTO NORMAL;85.25;94.63;179.00;;N;;SIM;0.00;0.00;2020-12-11;;;;;;;SIMPLES;22042100;
5310;PALAGETTO CHIANTI COLI SENESI DOCG                                                                                      ;UN        ;PRODUTOS DE VENDA                                           ;VINHOS                                                      ;TINTO                                                       ;;TRAS-OS-MONTES IMPORTACAO E EXPORTACAO DE PRODUTOS ALIMENTIC;;;;ATIVO;PRODUTO NORMAL;51.84;57.55;125.00;;N;;SIM;0.00;0.00;2020-12-11;;;;;;;SIMPLES;22042100;
5311;RICOSSA BARBERA DASTI DOCG                                                                                              ;UN        ;PRODUTOS DE VENDA                                           ;VINHOS                                                      ;TINTO                                                       ;;TRAS-OS-MONTES IMPORTACAO E EXPORTACAO DE PRODUTOS ALIMENTIC;;;;ATIVO;PRODUTO NORMAL;70.26;78.00;165.00;;N;;SIM;0.00;0.00;2020-12-11;;;;;;;SIMPLES;22042100;
5312;BARONE MONTALTO NERO D'AVOLA SICILIA IGT                                                                                ;UN        ;PRODUTOS DE VENDA                                           ;VINHOS                                                      ;TINTO                                                       ;;TRAS-OS-MONTES IMPORTACAO E EXPORTACAO DE PRODUTOS ALIMENTIC;;;;ATIVO;PRODUTO NORMAL;61.05;67.76;145.00;;N;;SIM;0.00;0.00;2020-12-11;;;;;;;SIMPLES;22042100;
5313;PIZZORNO DON PROSPERO TANNAT MALBEC                                                                                     ;UN        ;PRODUTOS DE VENDA                                           ;VINHOS                                                      ;TINTO                                                       ;;TRAS-OS-MONTES IMPORTACAO E EXPORTACAO DE PRODUTOS ALIMENTIC;;;;ATIVO;PRODUTO NORMAL;66.23;73.52;165.00;;N;;SIM;0.00;0.00;2020-12-11;;;;;;;SIMPLES;22042100;
5314;PALAZZO DELLA TORRE                                                                                                     ;UN        ;PRODUTOS DE VENDA                                           ;VINHOS                                                      ;TINTO                                                       ;;TRAS-OS-MONTES IMPORTACAO E EXPORTACAO DE PRODUTOS ALIMENTIC;;;;ATIVO;PRODUTO NORMAL;155.59;172.71;330.00;;N;;SIM;0.00;0.00;2020-12-11;;;;;;;SIMPLES;22042100;
5315;LOS HELECHOS CABERNET SAUVIGNON                                                                                         ;UN        ;PRODUTOS DE VENDA                                           ;VINHOS                                                      ;TINTO                                                       ;;MERIT IMPORTACAO E EXPORTACAO LTDA;;;;ATIVO;PRODUTO NORMAL;420.00;525.01;145.00;;N;;SIM;0.00;0.00;2020-12-11;;;;;;;SIMPLES;22042100;
5317;ANGORIS FRIULANO                                                                                                        ;UN        ;PRODUTOS DE VENDA                                           ;VINHOS                                                      ;BRANCOS                                                     ;;;;;;ATIVO;PRODUTO NORMAL;0.00;62.13;145.00;;N;;SIM;0.00;0.00;2020-12-11;;;;;;;SIMPLES;22042100;
5319;CORAGEM TOURIGA NACIONAL                                                                                                ;UN        ;PRODUTOS DE VENDA                                           ;VINHOS                                                      ;TINTO                                                       ;;SM COMERCIO DE PROD ALIMENTOS E SERV LTDA;;;;ATIVO;PRODUTO NORMAL;79.43;79.43;135.00;;N;;SIM;0.00;0.00;2020-12-11;;;;;;;SIMPLES;22042100;
5320;RONAN BY CLINET                                                                                                         ;UN        ;PRODUTOS DE VENDA                                           ;VINHOS                                                      ;TINTO                                                       ;;;;;;ATIVO;PRODUTO NORMAL;0.00;75.00;170.00;;N;;SIM;0.00;0.00;2020-12-12;;;;;;;SIMPLES;22042100;
5321;KAIKEN ULTRA CHARDONNAY                                                                                                 ;UN        ;PRODUTOS DE VENDA                                           ;VINHOS                                                      ;BRANCOS                                                     ;;;;;;ATIVO;PRODUTO NORMAL;0.00;62.00;145.00;;N;;SIM;0.00;0.00;2020-12-12;;;;;;;SIMPLES;22042100;
5322;KAIKEN TORRONTES                                                                                                        ;UN        ;PRODUTOS DE VENDA                                           ;VINHOS                                                      ;BRANCOS                                                     ;;;;;;ATIVO;PRODUTO NORMAL;0.00;45.00;99.00;;N;;SIM;0.00;0.00;2020-12-12;;;;;;;SIMPLES;22042100;
5324;DUORUM COLHEITA                                                                                                         ;UN        ;PRODUTOS DE VENDA                                           ;VINHOS                                                      ;TINTO                                                       ;;PORTO A PORTO COMERCIO, IMPORTACAO E EXPORTACAO LTDA;;;;ATIVO;PRODUTO NORMAL;87.28;109.10;220.00;;N;;SIM;0.00;0.00;2020-12-12;;;;;;;SIMPLES;22042100;
5325;NEDERBURG PINOTAGE                                                                                                      ;UN        ;PRODUTOS DE VENDA                                           ;VINHOS                                                      ;TINTO                                                       ;;PORTO A PORTO COMERCIO, IMPORTACAO E EXPORTACAO LTDA, S.A. ATACADISTA DE ALIMENTOS LTDA;;;;ATIVO;PRODUTO NORMAL;35.44;39.34;99.00;;N;;SIM;0.00;0.00;2020-12-12;;;;;;;SIMPLES;22042100;
5327;ESTRELLAS RESERVA CHARDONNAY                                                                                            ;UN        ;PRODUTOS DE VENDA                                           ;VINHOS                                                      ;BRANCOS                                                     ;;PORTO A PORTO COMERCIO, IMPORTACAO E EXPORTACAO LTDA;;;;ATIVO;PRODUTO NORMAL;36.88;40.94;99.00;;N;;SIM;0.00;0.00;2020-12-18;;;;;;;SIMPLES;22042100;
5328;LOIOS BRANCO                                                                                                            ;UN        ;PRODUTOS DE VENDA                                           ;VINHOS                                                      ;BRANCOS                                                     ;;PORTO A PORTO COMERCIO, IMPORTACAO E EXPORTACAO LTDA;;;;ATIVO;PRODUTO NORMAL;36.48;40.50;92.00;;N;;SIM;0.00;0.00;2020-12-18;;;;;;;SIMPLES;22042100;
5329;FORTE AMBRONE ROSSO                                                                                                     ;UN        ;PRODUTOS DE VENDA                                           ;VINHOS                                                      ;TINTO                                                       ;;PORTO A PORTO COMERCIO, IMPORTACAO E EXPORTACAO LTDA;;;;ATIVO;PRODUTO NORMAL;44.96;49.91;115.00;;N;;SIM;0.00;0.00;2020-12-18;;;;;;;SIMPLES;22042100;
5330;ROSE IRENE ANTONIETA                                                                                                    ;UN        ;PRODUTOS DE VENDA                                           ;VINHOS                                                      ;ROSE                                                        ;;TRAS-OS-MONTES IMPORTACAO E EXPORTACAO DE PRODUTOS ALIMENTIC;;;;ATIVO;PRODUTO NORMAL;45.40;50.40;115.00;;N;;SIM;0.00;0.00;2020-12-18;;;;;;;SIMPLES;22042100;
5331;CAMPOS DE CIMA CEPAS VIOGNIER                                                                                           ;UN        ;PRODUTOS DE VENDA                                           ;VINHOS                                                      ;BRANCOS                                                     ;;TRAS-OS-MONTES IMPORTACAO E EXPORTACAO DE PRODUTOS ALIMENTIC;;;;ATIVO;PRODUTO NORMAL;42.00;46.62;107.00;;S;;SIM;0.00;0.00;2020-12-18;;;;;;;SIMPLES;22042100;
5332;CAMPOS DE CIMA TOSQUIA                                                                                                  ;UN        ;PRODUTOS DE VENDA                                           ;VINHOS                                                      ;TINTO                                                       ;;TRAS-OS-MONTES IMPORTACAO E EXPORTACAO DE PRODUTOS ALIMENTIC;;;;ATIVO;PRODUTO NORMAL;36.32;40.32;95.00;;S;;SIM;0.00;0.00;2020-12-18;;;;;;;SIMPLES;22042100;
5333;CAMPOS DE CIMA APROCHEGO                                                                                                ;UN        ;PRODUTOS DE VENDA                                           ;VINHOS                                                      ;BRANCOS                                                     ;;TRAS-OS-MONTES IMPORTACAO E EXPORTACAO DE PRODUTOS ALIMENTIC;;;;ATIVO;PRODUTO NORMAL;36.32;40.32;95.00;;S;;SIM;0.00;0.00;2020-12-18;;;;;;;SIMPLES;22042100;
5334;ESTRELLAS CHARDONNAY RESERVA 1/2 GARRAFA                                                                                ;UN        ;PRODUTOS DE VENDA                                           ;VINHOS                                                      ;BRANCOS                                                     ;;;;;;ATIVO;PRODUTO NORMAL;22.16;24.60;59.90;;N;;SIM;0.00;0.00;2020-12-18;;;;;;;SIMPLES;22042100;
5335;FAUSTO CHARDONNAY                                                                                                       ;UN        ;PRODUTOS DE VENDA                                           ;VINHOS                                                      ;BRANCOS                                                     ;;;;;;ATIVO;PRODUTO NORMAL;0.00;38.41;89.00;;S;;SIM;0.00;0.00;2020-12-18;;;;;;;SIMPLES;22042100;
5338;CHATEAU DE REYNON SAUVIGNON BLANC                                                                                       ;UN        ;PRODUTOS DE VENDA                                           ;VINHOS                                                      ;BRANCOS                                                     ;;PORTO A PORTO COMERCIO, IMPORTACAO E EXPORTACAO LTDA;;;;ATIVO;PRODUTO NORMAL;92.24;102.39;220.00;;S;;SIM;0.00;0.00;2020-12-27;;;2021-03-03;;;;SIMPLES;22042100;
5340;LA CAPITANA SYRAH                                                                                                       ;UN        ;PRODUTOS DE VENDA                                           ;VINHOS                                                      ;TINTO                                                       ;;MERIT IMPORTACAO E EXPORTACAO LTDA;;;;ATIVO;PRODUTO NORMAL;0.00;50.00;107.00;;S;;SIM;0.00;0.00;2020-12-29;;;2021-03-03;;;;SIMPLES;22042100;
5341;PATRIARCHE HERITAGE BLANCO                                                                                              ;UN        ;PRODUTOS DE VENDA                                           ;VINHOS                                                      ;BRANCOS                                                     ;;PORTO A PORTO COMERCIO, IMPORTACAO E EXPORTACAO LTDA;;;;ATIVO;PRODUTO NORMAL;43.84;48.66;109.00;;N;;SIM;0.00;0.00;2021-01-02;;;;;;;ALIMENTOS CST 102 CFOP 5102;22042100;
5342;VALE DE CHELEIROS                                                                                                       ;UN        ;PRODUTOS DE VENDA                                           ;VINHOS                                                      ;TINTO                                                       ;;SM COMERCIO DE PROD ALIMENTOS E SERV LTDA;;;;ATIVO;PRODUTO NORMAL;36.49;36.49;125.00;;S;;SIM;0.00;0.00;2021-01-07;;;;;;;SIMPLES;22042100;
5344;FAUSTO CHARDONNAY 187ML                                                                                                 ;UN        ;PRODUTOS DE VENDA                                           ;VINHOS                                                      ;BRANCOS                                                     ;;;;;;ATIVO;PRODUTO NORMAL;0.00;13.75;29.00;;N;;SIM;0.00;0.00;2021-01-08;;;;;;;SIMPLES;22042100;
5345;FAUSTO MERLOT 187ML                                                                                                     ;UN        ;PRODUTOS DE VENDA                                           ;VINHOS                                                      ;BRANCOS                                                     ;;;;;;ATIVO;PRODUTO NORMAL;0.00;13.75;29.00;;N;;SIM;0.00;0.00;2021-01-08;;;;;;;SIMPLES;22042100;
5348;EMILIA MALBEC                                                                                                           ;UN        ;PRODUTOS DE VENDA                                           ;VINHOS                                                      ;TINTO                                                       ;;PORTO A PORTO COMERCIO, IMPORTACAO E EXPORTACAO LTDA;;;;ATIVO;PRODUTO NORMAL;39.84;44.22;110.00;;S;;SIM;0.00;0.00;2021-01-14;;;;;;;SIMPLES;22042100;
5349;QUINTA DO CACHAO MEIA GARRAFA                                                                                           ;UN        ;PRODUTOS DE VENDA                                           ;VINHOS                                                      ;TINTO                                                       ;;PORTO A PORTO COMERCIO, IMPORTACAO E EXPORTACAO LTDA;;;;ATIVO;PRODUTO NORMAL;25.52;31.90;66.00;;N;;SIM;0.00;0.00;2021-01-14;;;;;;;SIMPLES;22042100;
5350;SOTO DE ONATIL ROSE                                                                                                     ;UN        ;PRODUTOS DE VENDA                                           ;VINHOS                                                      ;ROSE                                                        ;;PORTO A PORTO COMERCIO, IMPORTACAO E EXPORTACAO LTDA;;;;ATIVO;PRODUTO NORMAL;27.84;30.90;89.00;;N;;SIM;0.00;0.00;2021-01-14;;;2021-01-19;;;;SIMPLES;22042100;
5351;PORTO MESSIAS TAWNY                                                                                                     ;UN        ;PRODUTOS DE VENDA                                           ;VINHOS                                                      ;SOBREMESA                                                   ;;PORTO A PORTO COMERCIO, IMPORTACAO E EXPORTACAO LTDA;;;;ATIVO;PRODUTO NORMAL;53.52;59.41;165.00;;N;;NAO;0.00;0.00;2021-01-14;;;;;;;SIMPLES;22042100;
5389;ESTRELLAS RESERVA CABERNET SAUVIGNON MEIA GARRAFA                                                                       ;UN        ;PRODUTOS DE VENDA                                           ;VINHOS                                                      ;TINTO                                                       ;;PORTO A PORTO COMERCIO, IMPORTACAO E EXPORTACAO LTDA;;;;ATIVO;PRODUTO NORMAL;36.88;40.94;59.90;;N;;SIM;0.00;0.00;2021-01-21;;;;;;;SIMPLES;22042100;
5390;ESTRELLAS RESERVA SAUVIGNO BLANC                                                                                        ;UN        ;PRODUTOS DE VENDA                                           ;VINHOS                                                      ;BRANCOS                                                     ;;;;;;ATIVO;PRODUTO NORMAL;0.00;41.67;99.00;;N;;SIM;0.00;0.00;2021-01-21;;;;;;;SIMPLES;22042100;
5391;NIETO SENETINER MALBEC DOC MEIA GARRAFA                                                                                 ;UN        ;PRODUTOS DE VENDA                                           ;VINHOS                                                      ;TINTO                                                       ;;PORTO A PORTO COMERCIO, IMPORTACAO E EXPORTACAO LTDA;;;;ATIVO;PRODUTO NORMAL;27.92;30.99;73.00;;N;;SIM;0.00;0.00;2021-01-21;;;;;;;SIMPLES;22042100;
5432;CAVE DE CAIRANE LE CHENE NOIR                                                                                           ;UN        ;PRODUTOS DE VENDA                                           ;VINHOS                                                      ;TINTO                                                       ;;PORTO A PORTO COMERCIO, IMPORTACAO E EXPORTACAO LTDA;;;;ATIVO;PRODUTO NORMAL;80.64;89.51;185.00;;S;;SIM;0.00;0.00;2021-02-03;;;2021-02-11;;;;SIMPLES;22042100;
5433;CHATEAU CARONE                                                                                                          ;UN        ;PRODUTOS DE VENDA                                           ;VINHOS                                                      ;TINTO                                                       ;;PORTO A PORTO COMERCIO, IMPORTACAO E EXPORTACAO LTDA;;;;ATIVO;PRODUTO NORMAL;124.00;137.64;309.00;;S;;SIM;0.00;0.00;2021-02-03;;;;;;;SIMPLES;22042100;
5441;CORBELLI CHIANTI                                                                                                        ;UN        ;PRODUTOS DE VENDA                                           ;VINHOS                                                      ;TINTO                                                       ;;PORTO A PORTO COMERCIO, IMPORTACAO E EXPORTACAO LTDA;;;;ATIVO;PRODUTO NORMAL;35.60;39.52;90.50;;S;;NAO;0.00;0.00;2021-02-05;;;;;;;SIMPLES;22042100;
5448;FAUSTO MERLOT ROSE                                                                                                      ;UN        ;PRODUTOS DE VENDA                                           ;VINHOS                                                      ;ROSE                                                        ;;;;;;ATIVO;PRODUTO NORMAL;0.00;0.00;89.00;;N;;SIM;0.00;0.00;2021-02-06;;;;;;;SIMPLES;22042100;
5450;RICOSSA BARBARESCO                                                                                                      ;UN        ;PRODUTOS DE VENDA                                           ;VINHOS                                                      ;TINTO                                                       ;;;;;;ATIVO;PRODUTO NORMAL;0.00;175.87;405.00;;N;;SIM;0.00;0.00;2021-02-09;;;;;;;SIMPLES;22042100;
5451;NEDERBURG WINE MASTER CHENIN BLANC                                                                                      ;UN        ;PRODUTOS DE VENDA                                           ;VINHOS                                                      ;BRANCOS                                                     ;;;;;;ATIVO;PRODUTO NORMAL;0.00;0.00;150.00;;N;;SIM;0.00;0.00;2021-02-09;;;;;;;SIMPLES;22042100;
5452;POUCA ROUPA ROSÉ                                                                                                        ;UN        ;PRODUTOS DE VENDA                                           ;VINHOS                                                      ;ROSE                                                        ;;;;;;ATIVO;PRODUTO NORMAL;0.00;0.00;88.00;;N;;SIM;0.00;0.00;2021-02-09;;;;;;;SIMPLES;22042100;
5453;SOL FA SOUL ROSE                                                                                                        ;UN        ;PRODUTOS DE VENDA                                           ;VINHOS                                                      ;ROSE                                                        ;;;;;;ATIVO;PRODUTO NORMAL;0.00;0.00;89.00;;N;;SIM;0.00;0.00;2021-02-09;;;;;;;SIMPLES;22042100;
5454;CIAO BELLA CHARDONNAY                                                                                                   ;UN        ;PRODUTOS DE VENDA                                           ;VINHOS                                                      ;BRANCOS                                                     ;;;;;;ATIVO;PRODUTO NORMAL;0.00;0.00;75.00;;N;;SIM;0.00;0.00;2021-02-09;;;;;;;SIMPLES;22042100;
5455;DINAMICA FILIPA PATO BICAL E ARINTO                                                                                     ;UN        ;PRODUTOS DE VENDA                                           ;VINHOS                                                      ;BRANCOS                                                     ;;;;;;ATIVO;PRODUTO NORMAL;0.00;0.00;202.00;;N;;SIM;0.00;0.00;2021-02-11;;;;;;;SIMPLES;22042100;
